crop,modal_price_quintal,unit,market,state,updated
soybean,4892,quintal,Indore,Madhya Pradesh,2026-09-28
wheat,2275,quintal,Indore,Madhya Pradesh,2026-09-28
maize,2090,quintal,Dewas,Madhya Pradesh,2026-09-28
cotton,6620,quintal,Khargone,Madhya Pradesh,2026-09-28
onion,1805,quintal,Shajapur,Madhya Pradesh,2026-09-28
potato,1420,quintal,Indore,Madhya Pradesh,2026-09-28
tomato,2100,quintal,Indore,Madhya Pradesh,2026-09-28
mustard,5650,quintal,Ujjain,Madhya Pradesh,2026-09-28
gram_chana,5440,quintal,Sehore,Madhya Pradesh,2026-09-28
paddy,2183,quintal,Hoshangabad,Madhya Pradesh,2026-09-28
